marque,version,annee,kilometrage,energie,emission_C02,consommation_mixte,transmission,portes,puissance_fiscale,places,lieu,prix
Volkswagen,Tiguan 2.0 TDI 150 DSG7 4Motion Black R-Line,2019,24000,Diesel,133,null,Automatique,4,8,5,09400,29500
Renault,Laguna 1.9 DTI RTE,1999,320000,Diesel,null,5.5,Manuelle,4,6,5,28400,2000
Citroën,2 CV 6 Special,1986,96700,Essence,null,null,Manuelle,4,3,5,31250,12000
TOYOTA,Edition 1.8 hybrid 122ch,2022,10,Hybride,null,null,Automatique,4,5,null,null,27470
Volkswagen,Coccinelle Cabriolet 2.0 TDI 150 BMT Club,2015,92600,Diesel,118,4.6,Manuelle,2,8,4,91830,18100
Renault,Scenic 1.9 dCi 130 Exception,2008,173300,Diesel,159,6.0,Manuelle,4,8,5,63200,4000
BMW,320d 177ch Confort,2008,212500,Diesel,128,4.8,Manuelle,4,9,5,60126,6800
Citroën,C3 1.4 HDi 70 Airdream Airplay,2009,115000,Diesel,115,4.4,Manuelle,4,4,5,93500,3800
Citroën,C3 Aircross PureTech 110 S&S BVM6 Shine,2021,2800,Essence,null,null,Manuelle,4,6,5,25600,19800
Renault,Twingo II 1.5 dCi 65 eco2 Art Collection,2009,209200,Diesel,113,4.3,Manuelle,2,4,4,42300,2450
MERCEDES,elegance,2006,72000,Diesel,null,null,Manuelle,4,null,5,35150,7900
Audi,TT 1.8T,2000,149000,Essence,194,8.1,Manuelle,2,11,4,29720,10500
Fiat,500 1.2 69 ch Lounge,2017,48500,Essence,115,4.9,Manuelle,2,4,4,22100,9500
Peugeot,3008 1.6 HDi 16V 110ch FAP Premium Pack,2009,190500,Diesel,137,5.1,Manuelle,4,6,5,63200,5500
Opel,Astra 1.7 CDTI - 110 FAP ecoFLEX Cosmo,2011,171200,Diesel,119,4.5,Manuelle,4,6,5,56500,5200
Toyota,Land Cruiser 3.0 TD VX,1999,160000,Diesel,null,11.1,Manuelle,4,10,5,48100,7000
Fiat,Doblo Panorama 1.6 Multijet 120 ch,2017,61500,Diesel,144,null,Manuelle,4,7,5,29360,14500
Renault,Super 5 Five,1995,130000,Essence,null,null,Manuelle,2,6,5,75012,4900
Renault,Kadjar TCe 130 Energy Intens,2017,43800,Essence,130,5.8,Manuelle,4,7,5,29170,14200
Mercedes,Classe CLA 45 AMG 4Matic Speedshift DCT A,2016,66000,Essence,171,7.3,Automatique,4,26,5,01800,39500
Renault,Mégane 1.9 DCI Authentique,2017,40600,Diesel,139,5.2,Manuelle,4,6,5,59770,14900
Volkswagen,Polo 1.2 60 Style,2011,136100,Essence,128,5.5,Manuelle,2,4,5,73660,5990
Renault,30 TX,1965,72000,Essence,null,null,Manuelle,4,15,5,62500,9000
Volkswagen,Golf 1.4i,1999,191000,Essence,158,6.6,Manuelle,4,5,5,77250,2250
Renault,Clio dCi 90 E6C Intens,2019,47000,Diesel,104,4.0,Manuelle,4,5,5,45470,12990
Ford,Mondeo 2.0 DI - 115 Ambiente,2001,269000,Diesel,156,5.9,Manuelle,4,7,5,88290,1800
Renault,Scénic 1.9 DCI - 105 Air,2002,170911,Diesel,157,5.9,Manuelle,4,6,5,59290,1400
Renault,Express Break 1.6 D,1986,289500,Diesel,null,null,Manuelle,2,5,5,18270,1200
Renault,Mégane IV Berline Blue dCi 115 - 20 Intens,2020,15600,Diesel,null,null,Manuelle,4,6,5,45170,19690
Honda,Jazz Hybrid 1.3  i-VTEC + IMA CVT,2011,98000,Hybride,104,4.5,Automatique,4,4,5,83400,9200
Ford,Fiesta 1.0 EcoBoost 95 ch S&S BVM6 Cool & Connect,2020,21200,Essence,94,4.1,Manuelle,4,5,5,19350,12300
Peugeot,405 1.6i GR,1993,84510,Essence,null,null,Manuelle,4,7,5,57100,3900
BMW,118d 143 ch Confort A,2012,168000,Diesel,140,5.3,Automatique,2,8,4,11100,8500
Renault,Captur dCi 90 Energy eco² Business,2016,92000,Diesel,95,3.6,Manuelle,4,4,5,44170,9780
Citroën,DS3 PureTech 110 S&S BVM Executive,2017,80000,Essence,100,4.3,Manuelle,2,5,5,69720,12900
Jaguar,S-Type 2.7 V6 D Bi-Turbo Classic A,2005,150000,Diesel,208,8.0,Automatique,4,13,5,65000,5000
Peugeot,307 CC 1.6e 16V 110ch Navteq on Board,2008,130000,Essence,178,7.6,Manuelle,2,7,4,30800,4500
Ford,Kuga 1.5 Flexifuel-E85 150 S&S 4x2 BVM6 Titanium,2019,65000,Autres,170,6.9,Manuelle,4,9,5,64990,19900
Renault,19 Cabriolet 1.8i,1993,175000,Essence,null,null,Manuelle,2,9,4,77250,2800
Renault,Scenic TCe 160 FAP Intens,2019,9500,Essence,136,6.0,Manuelle,4,9,5,45000,21250
Volkswagen,Coccinelle Cabriolet 1.4 TSI 160 Vintage,1974,100000,Essence,158,6.8,Manuelle,2,9,4,33950,22000
Peugeot,2008 1.6 e-HDi 115ch FAP BVM6 Féline Titane,2014,56000,Diesel,105,4.0,Manuelle,4,6,5,83860,12000
Citroën,Xsara Break 2.0 HDi - 90 Tendance,2006,224136,Diesel,144,5.5,Manuelle,4,5,5,41170,2000
Peugeot,3008 Puretech 130ch S&S EAT8 Allure Pack,2021,3960,Essence,null,null,Automatique,4,7,5,95550,32600
Mazda,929 2.0 LTD Super Spec.,1983,270003,Essence,null,null,Manuelle,4,9,5,13012,300
Mercedes,SLK200 A,1998,283000,Essence,220,9.3,Automatique,2,9,2,27950,7999
Porsche,Cayenne 4.8 V8 Turbo Tiptronic S A,2008,104000,Essence,358,14.9,Automatique,4,43,5,92330,33000
Peugeot,3008 Puretech 130ch S&S EAT8 Allure Pack,2021,3000,Essence,null,null,Automatique,4,7,5,83500,34000
Renault,Clio III dCi 75 eco2 20th Euro 5,2011,56000,Diesel,106,4.0,Manuelle,2,4,5,93190,8000
Opel,Corsa 1.2 Turbo 100 ch BVM6 GS Line,2021,3500,Essence,null,null,Manuelle,4,5,5,68720,18000
Toyota,Yaris Hybride 100h SkyBlue,2016,85248,Hybride,82,3.6,Automatique,4,3,5,78330,11800
Opel,Corsa 1.3 CDTI - 75 ch FAP 150ème Anniversaire,2012,130000,Diesel,112,4.2,Manuelle,4,4,5,06200,5500
Dacia,Duster 1.5 dCi 110 4x2 Ambiance,2012,124111,Diesel,130,5.0,Manuelle,4,6,5,20137,8000
BMW,318i,1993,111930,Essence,null,null,Manuelle,4,9,5,81500,4900
Honda,CR-V 1.6  i-DTEC 2WD Executive Navi,2015,135000,Diesel,124,4.7,Manuelle,4,6,5,49280,11500
Opel,Astra 1.4 Twinport Essentia,2004,170000,Essence,151,6.3,Manuelle,4,6,5,64121,2000
Renault,Twingo II Tce 100 Gordini,2013,53000,Essence,130,5.7,Manuelle,2,6,4,06140,10500
Lancia,Ypsilon 1.3 16v Multijet,2004,90000,Diesel,119,4.6,Manuelle,2,4,4,17140,2500
Opel,Astra Cabriolet 1.6 16V Twinport Bertone,2003,33000,Essence,161,6.7,Manuelle,2,6,4,59600,10000
Ford,Mondeo Vignale 2.0 Hybrid 187 BVA6,2018,32000,Hybride,92,4.2,Automatique,4,7,5,62100,21500
Peugeot,3008 1.6 e-HDi 112ch FAP BMP6 BLUE LION Active,2011,118000,Diesel,117,null,Semi automatique,4,6,5,33720,8100
Mercedes,190 D 2.5 Tbo,1992,238590,Diesel,null,null,Manuelle,4,8,5,59860,3300
Mercedes,Classe A 180 d 7G-DCT AMG Line,2019,36500,Diesel,null,null,Automatique,4,6,5,60400,28000
Peugeot,RCZ 2.0 HDi FAP 163ch,2010,153000,Diesel,139,5.3,Manuelle,2,9,4,34500,10000
Honda,CR-V 2.0 EX i-VTEC,2003,142000,Essence,216,9.1,Manuelle,4,10,5,84100,6250
Renault,Captur E-Tech 145 - 21 Intens,2022,1500,Hybride,null,null,Automatique,4,5,5,83400,26700
Peugeot,407 SW 2.0 HDi 16V 163ch FAP Premium Pack A,2010,220000,Diesel,179,6.9,Automatique,4,10,5,77480,3300
Chevrolet,Corvette Cabriolet A,1988,108000,Essence,null,12.1,Automatique,2,30,2,33950,19950
Volkswagen,Golf TDI 90 GT,1994,353000,Diesel,null,5.3,Manuelle,2,5,5,28400,2700
Jaguar,XJS-C 4.0 A,1994,150000,Essence,null,null,Automatique,2,38,2,65000,22900
Mini,Mini Clubman Cooper D 150 ch BVA8,2018,82000,Diesel,113,4.3,Automatique,4,8,5,40300,20990
Mercedes,Classe CLA Coupé 200 d 8G-DCT AMG Line,2019,19700,Diesel,104,3.9,Automatique,4,7,5,07370,34000
Citroën,C3 Pluriel HDi 70,2004,250000,Diesel,125,4.7,Manuelle,2,4,5,62590,1400
Chrysler,300C 3.0 CRD A,2006,162000,Diesel,215,8.1,Automatique,4,14,5,83500,13500
Volkswagen,Golf 1.6 D C,1982,130400,Diesel,null,null,Manuelle,2,5,5,28400,3300
Volkswagen,Golf 1.6 TDI 105 FAP CR BlueMotion 99gr Trendline,2010,182807,Diesel,99,3.8,Manuelle,2,5,5,04140,5700
Audi,A4 1.6i A,1996,135000,Essence,null,null,Automatique,4,10,5,94110,1500
Mercedes,Classe C Break 200 CDI Elégance,2007,330000,Diesel,171,6.5,Manuelle,4,7,5,62220,4100
Ford,C-MAX 1.6 TDCI 95 FAP Business,2013,100000,Diesel,117,4.5,Manuelle,4,5,5,24350,8500
Mercedes,GLA 200 d 7-G DCT Sensation,2018,57400,Diesel,152,5.9,Automatique,4,7,5,59155,27000
Suzuki,S-Cross 1.4 Boosterjet Allgrip Hybrid Privilège,2020,9500,Essence,null,null,Manuelle,4,7,5,17450,18200
Cadillac,CTS 3.2 V6 A,2003,126500,Essence,276,11.7,Automatique,4,15,5,52100,6000
Citroën,Axel 1.1 Base,1972,90000,Essence,null,null,Manuelle,2,6,5,42150,7000
BMW,318d 150 ch BVA8 M Sport,2018,47500,Diesel,116,4.4,Automatique,4,8,5,65000,24900
Volkswagen,Golf TDI 110 Match II,1997,310000,Diesel,null,5.1,Manuelle,2,5,5,01200,600
Nissan,X-TRAIL 1.6 dCi 130 5pl  Xtronic Acenta,2017,26500,Diesel,135,5.1,Automatique,4,7,7,13012,23000
Citroën,C3 Aircross BlueHDi 110 S&S BVM6 Shine,2020,6000,Diesel,null,null,Manuelle,4,6,5,25200,21400
Mercedes,Classe E 220 BlueTEC Executive A,2014,78898,Diesel,117,4.5,Automatique,4,9,5,72140,20000
Fiat,Panda 1.0ie Base,1996,296000,Essence,40,null,Manuelle,2,4,4,72270,400
Fiat,Panda 1.0ie Colore,1996,295000,Essence,null,null,Manuelle,2,4,4,72270,400
MG,MG F 1.8i,2001,70860,Essence,178,7.4,Manuelle,2,8,2,24460,7000
BMW,Touring 316d 116 ch 119 g Lounge,2014,152000,Diesel,119,4.5,Manuelle,4,6,5,30250,12000
Citroën,BX 1.5 TGE,1989,145250,Essence,null,null,Manuelle,4,7,5,10310,650
Ssanyoung,Rexton II 270 XVT 186 Grand Luxe A,2010,167570,Diesel,233,9.2,Automatique,4,12,5,60400,9500
Citroën,XM D12 Tbo Harmonie,1990,320000,Diesel,null,null,Manuelle,4,6,5,50240,550
mercedes,300 D 4-Matic,1989,283000,Diesel,null,null,Manuelle,4,11,5,42100,3500
Auto,500 1.2 69 ch Club,1969,18510,Essence,115,4.9,Manuelle,2,4,4,10200,8000
Auto,Scenic III dCi 110 FAP eco2 Bose Energy,2012,134200,Diesel,105,4.1,Manuelle,4,5,5,33910,10500
Auto,C6 HDi 173 FAP,2007,200000,Diesel,175,6.6,Manuelle,4,10,5,50220,6000
Citroën,C3 Picasso BlueHDi 100 Attraction,2015,43000,Diesel,101,3.9,Manuelle,4,5,5,59730,10000
Mercedes,SL280 A,1982,102000,Essence,null,null,Automatique,2,16,2,92330,33000
Auto,330 d x Pack A,2001,196000,Diesel,232,8.7,Automatique,4,12,5,76440,6500
Peugeot,null,1997,20000,Essence,null,null,Automatique,null,null,null,81210,15000
Peugeot,308 BlueHDi 130ch S&S EAT8 Allure,2020,12000,Diesel,94,3.6,Automatique,4,6,5,68000,24500
AUTRES,JS50,2018,15200,Diesel,null,null,Manuelle,2,null,2,91540,10000
Dacia,Duster Blue dCi 115 4x2 Prestige +,2021,1790,Diesel,null,null,Manuelle,4,6,5,16600,21600
Citroën,C3 1.4i 16v Exclusive,2008,201000,Essence,148,6.2,Manuelle,4,5,5,37000,4500
Mercedes,Classe C 180 d Sportline,2015,159700,Diesel,106,4.1,Manuelle,4,6,5,57460,15300
Mini,Mini Cooper SD 170 ch BVA6 Finition John Cooper Works,2015,134000,Diesel,107,4.1,Automatique,2,9,4,77200,14000
Peugeot,208 PureTech 82ch S&S BVM5 6.2 Evap Signature,2019,7500,Essence,108,4.7,Manuelle,4,4,5,83700,13000
Nissan,Qashqai+2 1.6 dCi 130 FAP All-Mode Stop/Start 360,2013,166,Diesel,139,5.3,Manuelle,4,7,7,31390,9200
BMW,X1 sDrive 18d 143 ch Business,2011,203000,Diesel,136,5.2,Manuelle,4,8,5,69270,9400
Hyundai,Tucson 1.7 CRDi 115 2WD Business,2017,50000,Diesel,119,4.6,Manuelle,4,6,5,13720,17500
Fiat,500C 1.2 8V 69 ch Lounge Dualogic,2012,72500,Essence,118,5.1,Semi automatique,2,4,4,44450,8000
Audi,A4 1.9 TDI - 130 Pack,2001,293000,Diesel,149,5.5,Manuelle,4,7,5,33600,1500
Audi,A3 1.6i Attraction,1999,180700,Essence,182,7.6,Manuelle,2,7,5,64800,1900
Toyota,Land Cruiser 3.0 D4-D VX Gentleman Farmer,2001,141000,Diesel,253,9.5,Manuelle,2,11,5,16100,16500
Opel,Mokka 1.7 CDTI - 130 ch FAP 4x2 ecoFLEX Start&Stop Cosmo,2013,118216,Diesel,120,4.5,Manuelle,4,7,5,04200,8900
Citroën,C3 Aircross BlueHDi 100 S&S BVM6 Shine,2019,34000,Diesel,null,null,Manuelle,4,5,5,18110,16700
Mini,Mini Cabriolet Cooper 136 ch,2017,34500,Essence,114,4.9,Manuelle,2,7,4,06600,20500
Renault,Kadjar TCe 140 FAP Zen,2020,14000,Essence,null,null,Manuelle,4,7,5,45170,17600
Citroën,DS4 BlueHDi 180 S&S EAT6 Executive,2018,78880,Diesel,113,4.3,Automatique,4,9,5,32100,17650
Audi,A6 Avant 2.5 TDI V6 - 180 Pack Plus Quattro Tiptronic A,2003,366459,Diesel,230,8.5,Automatique,4,12,5,83470,1500
Skoda,Fabia Combi 1.6 TDI 105 CR Elegance 2,2013,209000,Diesel,109,4.2,Manuelle,4,5,5,06400,3500
Peugeot,108 VTi 72ch BVM5 Access,2019,41000,Essence,93,4.1,Manuelle,4,4,4,77850,8500
Citroën,C3 BlueHDi 100 S&S BVM6 Shine,2021,4000,Diesel,null,null,Manuelle,4,5,5,14680,18700
Audi,Q2 1.0 TFSI 116 ch S tronic 7,2017,43000,Essence,117,5.1,Semi automatique,4,6,5,74000,22900
Fiat,500C 1.0 70 ch Hybride BSG S/S Dolcevita Spiaggina,2021,800,Essence,null,null,Manuelle,2,4,4,68740,18500
Renault,Scenic dCi 110 Energy Business,2018,154000,Diesel,100,3.9,Manuelle,4,5,5,41140,10890
LEXUS,NX 300h 4WD Luxe,2018,45900,Hybride,130,5.9,Automatique,4,8,5,44500,32990
BMW,114d 95 ch Business,2016,124000,Diesel,95,3.6,Manuelle,4,5,5,51330,11500
Peugeot,308 1.6 HDi 110 FAP Confort Pack,2008,203000,Diesel,125,4.7,Manuelle,4,6,5,11000,3600
Audi,A3 Sportback 2.0 TDI 140 DPF Ambiente,2012,171500,Diesel,115,4.4,Manuelle,4,7,5,38300,9300
Ford,Ka 1.2 69 Ambiente,2009,93000,Essence,119,5.1,Manuelle,2,4,4,75014,4000
Mercedes,E 270 CDI Elégance,2002,241000,Diesel,172,6.5,Manuelle,4,10,5,11510,3390
Peugeot,5008 1.6 HDi 110ch FAP BVM6 Confort Pack 7pl,2010,78000,Diesel,140,5.3,Manuelle,4,6,7,11000,7200
Volkswagen,Sharan 2.0 TDI 140 FAP BlueMotion Technology Carat DSG6,2011,223255,Diesel,149,5.7,Semi automatique,4,8,5,59600,10500
Volkswagen,Passat 1.9 TDI - 115 Confort,2000,260000,Diesel,143,5.3,Manuelle,4,7,5,57330,1650
Opel,Insignia Grand Sport 1.6 Diesel 136 ch BVA6 Innovation Business,2018,51000,Diesel,139,5.2,Automatique,4,7,5,22950,16700
Volvo,XC90 D5 AWD 225 Inscription Geartronic A 7pl,2016,55600,Diesel,152,5.8,Automatique,4,13,7,29000,44500
Daimler,null,1989,265000,Essence,null,null,Automatique,4,null,null,45270,7500
Audi,Q5 2.0 TDI 143 DPF Quattro Ambiente,2010,120500,Diesel,172,6.5,Manuelle,4,9,5,08110,15500
Renault,Scénic 1.9 DCI - 105 Sport Way,2003,344343,Diesel,157,5.9,Manuelle,4,6,5,vendeur,600
Opel,Grandland X Business 1.6 D 120 ch ECOTEC Edition,2018,65890,Diesel,104,4.0,Manuelle,4,6,5,12400,17890
Kia,Venga 1.6 CRDi 115 ch Premium,2010,189500,Diesel,129,4.9,Manuelle,4,6,5,31000,4950
Chrysler,PT Cruiser 2.4 Limited A,2004,112000,Essence,258,10.8,Automatique,2,10,5,17200,6900
Peugeot,3008 1.6 HDi 16V 110ch FAP Confort Pack,2009,174898,Diesel,137,5.1,Manuelle,4,6,5,vendeur,5600
Lexus,RX300 3.0i V6 Pack A,2001,278000,Essence,311,13.0,Automatique,4,15,5,17200,5900
Citroën,DS3 PureTech 110 BVA So Chic,2019,8100,Essence,119,5.2,Automatique,2,6,2,74970,17950
Ford,B-MAX 1.0 EcoBoost 125 S&S Business,2016,73000,Essence,114,4.9,Manuelle,4,6,5,59510,10500
Citroën,C4 Aircross HDi 150 Confort,2012,null,Diesel,141,5.4,Manuelle,4,8,5,67210,6500
Audi,A5 Sportback 2.0 TDI 143 S line,2013,124000,Diesel,119,4.5,Manuelle,4,7,4,38490,15490
Seat,Ibiza 1.0 EcoTSI 95 ch S/S BVM5 Xcellence,2018,46000,Essence,null,null,Manuelle,4,5,5,79300,12900
Peugeot,2008 PureTech 110ch S&S BVM6 Allure,2019,22000,Essence,104,4.8,Manuelle,4,5,5,42640,18000
Renault,Clio TCe 120 Energy Edition One,2017,38000,Essence,118,5.3,Manuelle,4,6,5,94500,13500
Hyundai,i30 1.4 CRDi 90 Blue Drive Pack Inventive,2012,135000,Diesel,105,4.0,Manuelle,4,5,5,95210,8100
Renault,Clio 1.2 Campus,2005,198500,Essence,143,6.0,Manuelle,2,4,5,38000,1900
Mercedes,C Coupé Sport 220 CDI,2005,202000,Diesel,174,6.6,Manuelle,2,9,4,11370,4000
Kia,Venga 1.4 CRDi 90 ch Active,2010,127000,Diesel,124,4.7,Manuelle,4,5,5,06200,6500
Nissan,Qashqai 1.6 dCi 130 Stop/Start Acenta,2015,133580,Diesel,115,4.4,Manuelle,4,7,5,64300,12000
Peugeot,207 1.6 HDi 16v 90ch Exécutive,2006,262000,Diesel,120,4.5,Manuelle,4,5,5,77250,3490
Peugeot,308 1.6 THP 140ch Féline A,2008,100200,Essence,188,7.9,Automatique,4,9,5,95000,6500
Dacia,Sandero TCe 90 - 22 Confort,2022,60,Essence,null,null,Manuelle,4,5,5,27940,14900
Citroën,C5 Aircross PureTech 130 S&S EAT8 Business,2020,20000,Essence,null,null,Automatique,4,7,5,72230,26500
Renault,Modus 1.6 16V 110 Exception Euro 5 A,2011,38000,Essence,179,7.7,Automatique,4,7,5,50380,5600
Nissan,NP300 NAVARA 2.3 DCI 160 KING CAB N-CONNECTA,2016,123000,Diesel,169,null,Manuelle,4,8,4,21500,20500
Citroën,C4 Picasso BlueHDi 150 S&S Business,2014,197000,Diesel,107,4.1,Manuelle,4,7,5,81500,8490
Mini,Mini 1.6i - 115 Cooper,2006,119500,Essence,166,6.9,Manuelle,2,7,4,78400,6800
Peugeot,308 1.6 BlueHDi 100ch S&S BVM5 Access,2016,141000,Diesel,94,3.6,Manuelle,4,5,5,42000,10000
Renault,Espace dCi 160 Energy Twin Turbo Initiale Paris EDC,2015,111000,Diesel,120,4.6,Automatique,4,8,7,83330,15500
Dacia,Lodgy Blue dCi 115 7 places 15 ans,2021,5500,Diesel,null,null,Manuelle,4,6,7,71570,17500
Renault,Twingo III 1.0 SCe 70 eco2 Stop & Start Zen,2016,60300,Essence,95,4.2,Manuelle,4,4,4,34070,6990
Mercedes,Classe A 220 CDI BlueEFFICIENCY 4-Matic Fascination 7-G DCT A,2014,164000,Diesel,127,4.9,Automatique,4,9,5,51120,17490
Peugeot,5008 BlueHDi 180ch S&S EAT8 Allure Business,2019,37500,Diesel,null,null,Automatique,4,9,7,74890,30800
Mercedes,GLB 200 d 8G-DCT AMG Line,2021,15500,Diesel,null,null,Automatique,4,8,7,06210,48300
Renault,Twingo III SCe 65 Zen,2021,10089,Essence,null,null,Manuelle,4,4,5,vendeur,8900
Peugeot,2008 PureTech 130 S&S EAT8 GT,2021,1000,Essence,null,null,Automatique,4,7,5,57185,30300
Renault,Mégane III dCi 110 FAP Energy eco2 Dynamique,2012,181000,Diesel,90,3.5,Manuelle,4,5,5,78830,5300
Mercedes,Classe A 180 d 8G-DCT AMG Line,2018,24000,Diesel,null,null,Automatique,4,6,5,82170,30000
Dacia,Duster Blue dCi 115 4x2 Confort,2019,53000,Diesel,null,null,Manuelle,4,6,5,56240,15900
Opel,Corsa 1.3 CDTI Cosmo,2004,246000,Diesel,127,4.7,Manuelle,4,4,5,40260,1200
Volkswagen,Golf 1.6 TDI 115 BlueMotion Technology FAP DSG7 Confortline Business,2017,82500,Diesel,102,3.9,Semi automatique,4,6,5,78310,14850
Fiat,Panda 1.2 8V Emotion,2005,79000,Essence,129,5.5,Manuelle,4,4,4,34130,3750
Peugeot,207 1.6e 16v 110ch Sport Pack,2006,166000,Essence,166,7.0,Manuelle,2,7,5,01200,3690
Citroën,Xsara Picasso 2.0 HDi 90 SX,2002,226000,Diesel,147,5.5,Manuelle,4,5,5,60530,1150
Peugeot,3008 BlueHDi 180ch S&S EAT8 GT,2019,60300,Diesel,null,null,Automatique,4,9,5,85600,28600
Renault,Kadjar Blue dCi 115 Business,2018,28000,Diesel,115,4.4,Manuelle,4,6,5,74370,16990
Peugeot,307 Break 2.0 HDi 16v - 136 Sport FAP,2006,140000,Diesel,142,5.4,Manuelle,4,8,5,30250,3980
Volkswagen,Golf 1.5 TSI 130 EVO BVM6 Connect,2019,24500,Essence,117,5.0,Manuelle,4,7,5,92240,19900
Mini,Mini Paceman 184 ch ALL4 Cooper S Pack Red Hot Chili A,2013,104000,Essence,180,7.7,Automatique,2,11,4,06600,14500
Dacia,Logan MCV 1.6 16V 105 Bioéthanol 7 places Lauréate,2010,163000,Autres,178,7.6,Manuelle,4,7,7,01170,4500
Audi,A6 Avant V6 3.0 TDI DPF 240 Quattro Sport Plus Edition Tiptronic A,2010,274000,Diesel,189,7.1,Automatique,4,15,5,42000,12900
Peugeot,206 1.6i 16V Griffe,2003,140600,Essence,153,6.4,Manuelle,2,7,5,38000,2900
Peugeot,3008 Hybrid 300 e-EAT8 GT,2020,30000,Hybride,null,null,Automatique,4,11,5,86300,37500
Ford,EcoSport 1.0 EcoBoost 125ch S&S BVM6 ST-Line Noir/Jaune,2020,19570,Essence,114,5.0,Manuelle,4,7,5,52130,16900
Renault,Latitude dCi 150 FAP Business,2011,189000,Diesel,140,5.3,Manuelle,4,8,5,03310,6000
SEAT,Ibiza 1.4 TDI 70 Réference,2011,210000,Diesel,119,4.8,Manuelle,2,4,5,88000,3490
FIAT,Grande Punto 1.3 Multijet 16V 75 Dynamic,2008,121000,Diesel,119,4.5,Manuelle,4,4,5,88000,3300
Mercedes,Classe GLE 350 d 9G-Tronic 4Matic Sportline,2016,115000,Diesel,179,6.6,Automatique,4,16,5,34090,36900
Opel,Corsa 1.2 75 ch BVM5,2021,6000,Essence,null,null,Manuelle,4,4,5,17230,15500
Audi,A3 Cabriolet 1.2 TFSI 105 Ambition,2010,62500,Essence,132,5.7,Manuelle,2,6,4,02000,12000
BMW,Gran Coupé 420d 190 ch Business,2016,148000,Diesel,111,4.2,Manuelle,4,10,5,71300,18990
BMW,520i,1985,180000,Essence,null,null,Manuelle,4,9,5,82600,7000
Alfa,159 2.0 JTDm 170 Selective,2011,171500,Diesel,139,5.4,Manuelle,4,9,5,59200,6000
BMW,Cab 325i Ci A,2001,239000,Essence,239,9.9,Automatique,2,13,4,74160,7200
Renault,Twingo II 1.2 60 eco2 Access,2009,152000,Essence,130,5.5,Manuelle,2,4,4,44780,2900
Renault,Twingo III 0.9 TCe 90 Energy E6C Intens,2019,30200,Essence,111,4.9,Manuelle,4,5,4,33510,10100
Mercedes,Classe B 180 7-G DCT Inspiration,2018,26000,Essence,138,6.1,Automatique,4,7,5,45630,21900
Renault,Captur dCi 90 E6C EDC Business,2019,13300,Diesel,113,4.3,Automatique,4,5,5,67850,17000
Ford,Focus 1.5 EcoBoost 150 S&S BVA8 Vignale,2019,20160,Essence,127,6.0,Automatique,4,8,5,21000,24950
Citroën,NEMO HDI 75 FAP BUSINESS,2012,145000,Diesel,124,4.7,Manuelle,4,5,2,13200,5000
Renault,Captur dCi 90 Energy Business,2014,116000,Diesel,95,3.7,Manuelle,4,4,5,33570,8700
JAGUAR,null,1991,187000,null,null,null,Automatique,4,null,5,77310,4900
Renault,Mégane IV Estate dCi 110 Energy Business EDC,2018,126000,Diesel,95,3.7,Automatique,4,5,5,33570,11300
Ford,Focus 1.8 TDCi 115 Titanium,2008,97500,Diesel,137,5.2,Manuelle,4,6,5,94500,4150
Jaguar,X-Type 2.2 D Executive,2007,235000,Diesel,159,6.0,Manuelle,4,9,5,38850,5000
Mercedes,Classe C Coupé 250 d 4Matic 9G-Tronic,2017,61000,Diesel,122,4.6,Automatique,2,11,4,57000,33500
Alfa,Spider 2.0 JTS Distinctive,2003,148000,Essence,220,9.2,Manuelle,2,11,2,86450,8500
Volkswagen,Golf 1.9 TDI - 90 A,2000,203000,Diesel,172,6.3,Automatique,2,6,5,57690,900
Kia,PROCEED 1.6 CRDi 136 ch ISG DCT7 GT Line,2020,39000,Diesel,null,null,Automatique,4,7,5,17460,26500
Volkswagen,Scirocco 1.4 TSI 160,2010,90000,Essence,154,6.6,Manuelle,2,9,4,31140,9900
Mini,Mini 1.6i - 115 Cooper,2003,145500,Essence,166,6.9,Manuelle,2,7,4,74700,4500
Renault,Laguna 2.2 dT RXT,1998,216938,Diesel,null,null,Manuelle,4,6,5,26500,450
Citroën,Spacetourer M BlueHDi 120 S&S BVM6 Business,2021,13700,Diesel,167,null,Manuelle,4,6,8,30220,30000
Toyota,Land Cruiser 190 D-4D Légende A,2014,94740,Diesel,213,8.1,Automatique,4,12,5,03500,38000
VOLKSWAGEN,Volkswagen Passat BREAK 1.9 TDI 100,2001,347000,Diesel,146,5.4,Manuelle,4,null,5,67200,990
Alfa,Giulietta 1.6 JTDm 105 ch S&S Distinctive,2014,152000,Diesel,114,4.4,Manuelle,4,5,5,14130,6000
Citroën,DS5 HDi 160 So Chic,2012,93010,Diesel,128,5.1,Manuelle,4,9,5,vendeur,11950
Renault,Scenic dCi 160 Energy EDC Business Intens,2018,10500,Diesel,118,4.5,Automatique,4,8,5,58450,22500
Porsche,944,1983,44500,Essence,null,null,Manuelle,2,14,4,28500,15000
Citroën,C3 PureTech 82 Shine,2017,19300,Essence,109,4.7,Manuelle,4,4,5,86240,11300
Renault,Twingo 1.2i Privilège,2000,161000,Essence,138,5.8,Manuelle,2,4,4,77260,2000
Peugeot,206 CC 1.6i 16V Sport Pack,2006,63000,Essence,166,6.9,Manuelle,2,7,4,06210,5990
Renault,Mégane IV Berline dCi 90 Energy Business,2016,75800,Diesel,95,3.7,Manuelle,4,4,5,52100,11800
Mercedes,CLK Cabrio 320 CDI Avantgarde A,2008,96300,Diesel,197,7.4,Automatique,2,14,2,31000,14500
Audi,null,1984,98200,Essence,null,null,Manuelle,4,10,5,59140,9600
Mercedes,Classe B 180 7G-DCT Progressive Line Edition,2021,4800,Essence,null,null,Automatique,4,7,5,vendeur,33000
Renault,Twingo III 1.0 SCe 70 E6C Intens,2019,32000,Essence,125,4.9,Manuelle,4,4,4,97200,8500
Renault,Captur TCe 140 EDC FAP - 21 Initiale Paris,2021,5400,Essence,null,null,Automatique,4,7,5,66000,27390
Peugeot,3008 2.0 BlueHDi 150ch S&S BVM6 Allure Business,2017,124000,Diesel,114,4.4,Manuelle,4,8,5,60200,20000
BMW,Touring 530d 258ch 149g Business A,2012,188000,Diesel,149,5.7,Automatique,4,15,5,17350,18500
Peugeot,308 CC 2.0 HDi 16V 140ch FAP Féline,2009,113800,Diesel,155,5.9,Manuelle,2,8,4,78240,9800
Kia,XCeed 1.4l T-GDi 140 ch DCT7 ISG Active,2020,37700,Essence,130,5.7,Automatique,4,7,5,73260,19600
Peugeot,107 1.0e 12V 68ch BLUE LION Black & Silver,2010,78500,Essence,106,4.5,Manuelle,2,4,4,50750,3990
Alfa,MiTo 0.9 Twin Air 105 Start & Stop Collezione,2016,71000,Essence,99,4.2,Manuelle,2,5,4,84000,9990
Volkswagen,Golf 1.4i,1998,167500,Essence,154,6.4,Manuelle,4,5,5,49770,1200
Peugeot,208 PureTech 130 S&S EAT8 GT Line,2019,15500,Essence,101,4.5,Automatique,4,6,5,44300,22500
Kia,CEED 1.0 T-GDI 120 ch ISG BVM6 GT Line,2019,26500,Essence,125,5.3,Manuelle,4,6,5,80340,15500
Citroën,C4 PureTech 130 S&S EAT8 Shine,2021,1400,Essence,null,null,Automatique,4,7,5,26600,25800
Peugeot,406 Break 2.0 Hdi - 110 Confort,2004,235000,Diesel,149,5.7,Manuelle,4,6,5,01120,4100
Fiat,500X 1.3 MultiJet 95 ch City Cross,2019,41500,Diesel,107,4.1,Manuelle,4,5,5,41150,14500
Dacia,Sandero ECO-G 100 - 22 Stepway Confort,2021,2500,GPL ou GNL,null,null,Manuelle,4,5,5,62118,15790
Peugeot,607 2.2 HDi Pack,2002,176000,Diesel,178,6.7,Manuelle,4,8,5,11510,3390
Renault,Mégane IV Berline dCi 110 Energy Intens,2015,89000,Diesel,95,3.7,Manuelle,4,5,5,45000,13550
BMW,118i 136 ch DKG7 Edition Sport,2021,8500,Essence,null,null,Automatique,4,7,5,79000,33000
Peugeot,307 SW 1.6 HDi 16V 110ch FAP BLUE LION Navteq on board,2008,234500,Diesel,134,5.1,Manuelle,4,6,5,73290,1950
Seat,Ibiza 1.5 TSI Evo 150 ch S/S BVM6 FR,2018,26500,Essence,112,4.9,Manuelle,4,8,5,31300,20500
Renault,Mégane III dCi 110 FAP eco2 Authentique,2012,71400,Diesel,106,4.1,Manuelle,4,5,5,88140,7500
Ford,C-MAX 1.0 EcoBoost 125 S&S Titanium,2018,74000,Essence,129,5.7,Manuelle,4,7,5,28130,12000
RAV4,RAV4 2.0i VX,1999,230000,Essence,null,9.4,Manuelle,2,9,5,06580,1100
Mini,Mini Cooper 136 ch Edition Blackfriars,2017,58000,Essence,107,4.6,Manuelle,2,7,4,70300,17800
Honda,CR-V 1.6  i-DTEC 2WD Comfort,2014,93000,Diesel,119,4.5,Manuelle,4,6,5,84000,14000
Infiniti,G37 Coupé 3.7 V6 S Premium A,2013,105000,Essence,246,10.5,Automatique,2,23,4,01120,19990
Renault,11 TXE,1988,100000,Essence,null,null,Manuelle,4,7,5,75017,1900
Dacia,Duster dCi 110 EDC 4x2 Confort,2018,36500,Diesel,116,4.5,Automatique,4,6,5,18130,15400
Citroën,C3 Aircross BlueHDi 120 S&S EAT6 C-Series,2021,4200,Diesel,132,null,Automatique,4,6,5,68170,23000
Ford,Kuga 1.5 Flexifuel-E85 150 S&S 4x2 BVM6 ST-Line,2019,42000,Autres,170,6.9,Manuelle,4,9,5,77130,24000
Mini,Mini Cabriolet Cooper S 192 ch BVA6,2018,11200,Essence,131,5.6,Automatique,2,10,4,57530,32900
Ford,Fiesta 1.4 TDCi 68 Ambiente,2008,110000,Diesel,110,4.2,Manuelle,2,4,5,21490,3790
Mercedes,Classe CLA 200 d 7G-DCT Fascination,2019,43000,Diesel,141,5.2,Automatique,4,7,5,84100,32500
Audi,Q2 1.4 TFSI COD 150 ch S tronic 7,2017,37500,Essence,119,5.2,Semi automatique,4,8,5,57500,24600
Citroën,ZX 1.9 D Flash,1994,351000,Diesel,null,null,Manuelle,4,6,5,31300,800
DS,DS3 PureTech 110 BVA So Chic,2019,8100,Essence,119,5.2,Automatique,2,6,5,74970,17950
Mercedes,Classe A 180 d 7G-DCT AMG Line,2019,69000,Diesel,null,null,Automatique,4,6,5,38490,26300
Kia,Cee'd 1.6L CRDi 115 Active,2009,162000,Diesel,125,4.7,Manuelle,4,6,5,31660,6000
Mercedes,Classe A 200 d 7G-DCT Business Executive Edition,2016,110000,Diesel,103,4.3,Automatique,4,7,5,28700,19500
Opel,Corsa 1.2 - 80 Twinport Enjoy,2009,170440,Essence,146,6.1,Manuelle,2,5,5,59120,3200
Mercedes,Classe C 180 CDI BlueEfficiency Avantgarde,2011,86000,Diesel,139,5.3,Manuelle,4,6,5,44160,13000
Peugeot,205 1.1 GR,1990,154000,Essence,null,null,Manuelle,4,4,5,70200,600
Renault,Clio Estate IV TCe 90 eco2 Graphite,2014,23900,Essence,114,4.9,Manuelle,4,5,5,91540,10000
Audi,A1 1.8 TFSI 192 S tronic S line,2017,44500,Essence,130,5.6,Semi automatique,2,10,4,75010,21500
Peugeot,5008 BlueHDi 130ch S&S BVM6 GT Line,2018,41000,Diesel,106,4.2,Manuelle,4,6,7,13720,29000
Renault,Clio 1.5 dCi 65 Campus,2005,112000,Diesel,115,4.3,Manuelle,4,4,5,06000,3190
Fiat,500 0.9 85 ch TwinAir S/S Club,2020,13000,Essence,107,4.7,Manuelle,2,4,4,06210,15990
Volkswagen,Touareg R5 TDI A,2006,252600,Diesel,273,10.1,Automatique,4,12,5,56100,5500
Renault,Kangoo 1.9 D - 65 Pampa,1999,200000,Diesel,194,7.3,Manuelle,4,6,5,10000,690
Volkswagen,Scirocco 1.4 TSI 160 Sportline DSG7,2011,136000,Essence,147,6.3,Semi automatique,2,9,4,83300,11500
Peugeot,406 Coupé 2.0i,2000,250000,Essence,197,8.3,Manuelle,2,9,4,40300,3000
Audi,A3 2.0 TDI Ambiente,2004,249000,Diesel,148,5.5,Manuelle,2,8,5,84200,3900
Infiniti,Q30 1.5d 109 7DCT Business,2016,120000,Diesel,102,3.9,Semi automatique,4,5,5,12600,14500
Citroën,C3 PureTech 110 S&S BVM6 Shine Business,2021,2300,Essence,null,null,Manuelle,4,6,5,21000,18600
Citroën,Grand C4 Picasso e-HDi 115 Exclusive,2014,136500,Diesel,105,4.0,Manuelle,4,6,7,73700,12500
Renault,Koleos 2.0 dCi 150 4x4 FAP Dynamique,2008,209000,Diesel,191,7.3,Manuelle,4,9,5,05400,4900
Mercedes,Classe R 300 CDI 6 pl BlueEFFICIENCY A,2007,231000,Diesel,206,7.8,Automatique,4,12,6,33440,8500
BMW,X1 sDrive 18d 150 ch BVA8 Business Design,2020,16500,Diesel,null,null,Automatique,4,8,5,83660,32000
Citroën,C1 Airscape VTi 72 S&S Feel,2019,28000,Essence,85,3.7,Manuelle,4,3,4,13480,7900
BMW,128ti 265 ch BVA8,2021,9300,Essence,null,null,Automatique,4,16,5,66600,46900
Audi,Q5 2.0 TFSI 211 Quattro S Line,2010,165400,Essence,195,8.3,Manuelle,4,13,5,40220,15000
Volkswagen,Tiguan 2.0 TDI 140 FAP BlueMotion Technology Sportline,2012,185800,Diesel,138,5.3,Manuelle,4,8,5,40220,9500
Honda,Civic 1.5 i-VTEC 182 CVT Sport Plus,2019,33300,Essence,131,6.0,Automatique,4,10,5,33160,26000
Peugeot,3008 1.6 BlueHDi 120ch S&S BVM6 Access,2015,131300,Diesel,108,4.1,Manuelle,4,6,5,38300,9900
Volkswagen,Golf 1.4 TSI 125 BlueMotion Technology Carat,2017,69540,Essence,120,5.2,Manuelle,4,6,5,38300,17200
Peugeot,208 PureTech 82ch S&S BVM5 6.2 Evap Signature,2019,6100,Essence,108,4.7,Manuelle,4,4,5,86100,13000
Renault,MEGANE II 1.5 dCi 85 AIR,2009,230000,Diesel,120,null,Manuelle,2,6,2,91120,600
White,Arkana TCe 140 EDC FAP - 21B R.S. Line,2021,900,Essence,null,null,Automatique,4,7,5,92500,32500
Mercedes,Classe A 180 BlueEFFICIENCY Fascination,2013,99999,Essence,133,5.7,Manuelle,4,7,5,03410,16300
Land-Rover,110 Defender TDI County,1996,300000,Diesel,null,null,Manuelle,4,10,5,69210,33000
Peugeot,2008 1.6 BlueHDi 120ch S&S BVM6 GT Line,2018,null,Diesel,96,3.7,Manuelle,4,6,5,57220,17000
Peugeot,108 VTi 72ch BVM5 Access,2019,3170,Essence,93,4.1,Manuelle,4,4,4,11260,10500
Renault,Clio 1.5 dCi 105 Dynamique,2007,157000,Diesel,123,4.6,Manuelle,4,6,5,49330,3500
Kia,Stonic 1.6 CRDi 115 ch ISG BVM6 Design,2020,24000,Diesel,103,3.9,Manuelle,4,6,5,59218,18000
Dodge,Viper SRT-10 8.3,1994,38550,Essence,489,21.0,Manuelle,2,46,2,13140,67000
Land-Rover,Range Rover Sport Mark V V8 S/C 5.0L 510ch Autobiography Dynamic A,2016,82000,Essence,298,12.8,Automatique,4,43,5,83220,78000
Peugeot,307 CC 1.6 16V - 110,2004,150400,Essence,169,7.2,Manuelle,2,7,4,11510,3990
Peugeot,3008 1.6 e-HDi 115ch FAP ETG6 BLUE LION Allure,2014,143000,Diesel,110,4.2,Automatique,4,6,5,76110,9200
Nissan,Juke 1.2e DIG-T 115 Start/Stop System Acenta,2015,73000,Essence,128,5.7,Manuelle,4,6,5,17700,10200
Porsche,Cayenne 4.8 V8 GTS Tiptronic S A,2009,171000,Essence,332,13.9,Automatique,4,32,5,75015,19900
Peugeot,206 1.9 D XR,1999,236000,Diesel,156,5.7,Manuelle,4,5,5,64600,2000
Skoda,Yeti 1.6 TDI 105 CR FAP Green Tec Active DSG,2014,122600,Diesel,132,5.0,Semi automatique,4,6,5,91130,10400
Dacia,Sandero ECO-G 90 Stepway,2019,49500,GPL ou GNL,127,5.6,Manuelle,4,5,5,42800,11500
BMW,Touring 330d 245 ch Sport Design,2009,187000,Diesel,155,5.9,Manuelle,4,15,5,69870,13500
Dacia,Duster Blue dCi 115 4x2 15 ans,2022,3500,Diesel,127,null,Manuelle,4,6,5,62630,19900
BMW,X1 sDrive 20d 190 ch BVA8 Business,2016,63000,Diesel,118,4.5,Automatique,4,10,5,92600,26000
BMW,X5 xDrive30d 235ch A,2009,197600,Diesel,217,8.2,Automatique,4,15,5,94360,11950
Seat,Arona 1.0 EcoTSI 115 ch Start/Stop DSG7 FR,2019,40000,Essence,null,null,Automatique,4,6,5,14540,18000
Alfa,Giulietta 1.4 TJet 120 ch S&S Distinctive,2016,134300,Essence,144,6.4,Manuelle,4,7,5,35680,10980
Peugeot,205 1.7 D Génération 205,1997,30000,Diesel,null,null,Manuelle,2,4,5,30000,1000
Peugeot,407 1.6 HDi 16V 110ch FAP BLUE LION Black & Silver,2010,76600,Diesel,129,4.9,Manuelle,4,6,5,79000,5500
Dacia,Logan MCV 1.5 dCi 70 7 places Lauréate,2007,221300,Diesel,140,5.3,Manuelle,4,5,7,61200,4200
Opel,Corsa 1.4 - 90 Twinport Cosmo,2009,56000,Essence,146,6.1,Manuelle,4,5,5,31500,7500
Mercedes,Classe CLA 200 d 7-G DCT Business Edition,2019,63000,Diesel,100,3.8,Automatique,4,7,5,55170,25000
Renault,Laguna 1.9 DTI Confort,2007,177000,Diesel,144,5.4,Manuelle,4,6,5,77550,3000
Peugeot,308 1.2 PureTech 130ch S&S EAT6 Allure,2015,20153,Essence,114,4.9,Automatique,4,7,5,75010,15000
Ford,Kuga 1.5 TDCi 120 S&S 4x2 Powershift Titanium,2017,78000,Diesel,124,4.8,Automatique,4,6,5,56690,16900
Renault,Clio 1.2i RN,1996,170000,Essence,null,null,Manuelle,4,5,5,84000,350
Renault,Grand Espace 2.0 dCi 175 FAP Alyum A,2013,216000,Diesel,169,6.4,Automatique,4,10,6,55300,9500
Citroën,C4 Cactus PureTech 110 S&S BVM6 Shine,2016,83600,Essence,104,4.6,Manuelle,4,5,5,83600,9500
Dacia,Sandero TCe 90 E6C Stepway,2018,18500,Essence,125,5.5,Manuelle,4,5,5,57700,9900
Volkswagen,Polo 1.0 TSI 115 S&S DSG7 Copper Line,2019,49000,Essence,104,4.9,Automatique,4,6,5,07200,19900
Renault,Scénic 1.6i 16V Privilège,2016,47000,Essence,173,7.3,Manuelle,4,7,5,78220,14000
BMW,X4 M40i 354ch BVA8,2019,29000,Essence,177,7.8,Automatique,4,25,5,67700,85000
VOLKSWAGEN,1.0 OXFORD 45 ch,1986,31000,Essence,null,null,Manuelle,2,null,5,77510,5000
Renault,Mégane Break 1.9 D Authentique,2012,199306,Diesel,178,6.7,Manuelle,4,5,5,38590,3950
Renault,Clio 1.2 16V 75 Confort Dynamique,2006,185000,Essence,139,5.9,Manuelle,2,5,5,38000,2300
Renault,Kadjar TCe 130 Energy Intens,2017,78000,Essence,130,5.8,Manuelle,4,7,5,38230,15500
Opel,Mokka 1.4 Turbo - 140 ch 4x4 Start&Stop Cosmo,2014,96600,Essence,149,6.4,Manuelle,4,8,5,74250,10500
Citroën,C4 1.6i 16V 110 Collection,2007,140879,Essence,169,7.1,Manuelle,4,7,5,38090,2000
Peugeot,Bipper Tepee 1.4 Ess 75ch Access,2012,49600,Essence,152,6.6,Manuelle,4,5,5,06800,8000
Volkswagen,T-Roc 1.6 TDI 115 Start/Stop BVM6 Carat,2019,38000,Diesel,109,4.4,Manuelle,4,6,5,78112,23000
Renault,Clio III dCi 70 115g eco2 Authentique,2009,174486,Diesel,115,4.3,Manuelle,4,4,5,86800,4500
Dacia,Logan 1.4,2006,165000,Essence,164,6.8,Manuelle,4,5,5,49300,1000
Toyota,Yaris Hybride 100h Dynamic,2020,23753,Hybride,84,3.6,Automatique,4,3,5,vendeur,16500
Kia,CEED 1.4 T-GDi 140 ch ISG DCT7 GT Line,2020,6800,Essence,125,5.5,Automatique,4,7,5,76600,23900
Chevrolet,Camaro Coupé V8 6.2 405ch A,2012,110000,Essence,304,13.1,Automatique,2,32,4,88580,38500
Dacia,Logan 1.5 dCi 85 Prestige,2008,95000,Diesel,120,4.6,Manuelle,4,5,5,26800,3800
Citroën,XM 2.0 Séduction,1990,57200,Essence,null,null,Manuelle,4,9,5,85590,7200
Opel,Agila 1.3 CDTI - 75 ch ecoFLEX Enjoy,2009,96700,Diesel,120,4.5,Manuelle,4,4,5,49400,4700
Fiat,Panda 1.2 69 ch,2018,7100,Essence,130,null,Manuelle,4,4,5,84100,8950
Dacia,Duster TCe 130 FAP 4x2 Prestige,2019,18300,Essence,null,null,Manuelle,4,7,5,86130,17600
Dacia,Duster Blue dCi 115 4x2 Confort,2019,35500,Diesel,null,null,Manuelle,4,6,5,91090,15900
Particulier,Aygo 1.0 VVT-i x-play,2018,26500,Essence,93,4.1,Manuelle,4,4,4,91100,8800
Peugeot,308 1.2 PureTech 130ch S&S BVM6 EU6 GT Line,2018,37190,Essence,120,null,Manuelle,4,6,5,91070,18600
Toyota,RAV4 Hybride 197ch AWD Black Edition,2018,67000,Hybride,118,5.1,Automatique,4,8,5,16100,23990
Volkswagen,Tiguan 2.0 TDI 110 FAP BlueMotion Technology Série Spéciale Edition,2012,193000,Diesel,139,5.3,Manuelle,4,6,5,59200,9100
Peugeot,106 1.0i XN,1992,158000,Essence,null,null,Manuelle,2,4,5,07340,700
Citroën,C3 1.4 HDi,2003,240000,Diesel,115,4.4,Manuelle,4,4,5,17000,3500
Ford,Focus 1.0 EcoBoost 125 S&S ST Line,2019,30800,Essence,96,4.3,Manuelle,4,6,5,90000,17990
Mercedes,GLA 250 e 8G-DCT AMG Line,2021,14700,Hybride,null,null,Automatique,4,8,5,74140,48490
Citroën,C4 Coupé 1.6i 16V 110 VTS,2006,180000,Essence,169,7.1,Manuelle,2,7,5,69100,4700
Renault,Talisman Estate dCi 160 Energy EDC Initiale Paris,2016,123576,Diesel,120,4.6,Automatique,4,8,5,75019,14000
Mercedes,Classe GLC 300 d 9G-Tronic 4Matic AMG Line,2019,67000,Diesel,null,null,Automatique,4,14,5,42000,51000
Alfa,Stelvio 2.2 210 ch Q4 AT8 Sport Edition,2018,53500,Diesel,127,4.8,Automatique,4,11,5,04160,36000
Alfa,GT 1.9 JTD M-JET 150 Distinctive,2007,90000,Diesel,165,6.2,Manuelle,2,9,5,64000,9850
Ford,Kuga 2.0 TDCi 140 DPF 4x2 Titanium,2010,256000,Diesel,156,5.9,Manuelle,4,8,5,62390,7990
Renault,Kadjar TCe 140 FAP EDC Wave,2019,30500,Essence,133,5.8,Automatique,4,7,5,42100,20600
Volkswagen,Caravelle 1.9 TDI 104 Long 9pl,2006,208000,Diesel,203,7.5,Manuelle,4,7,9,01000,13000
Volkswagen,Polo TDI 80 Confort,2006,220650,Diesel,119,4.4,Manuelle,2,5,5,01000,2300
AUDI,Q5 2.0 TDI 170 DPF Quattro S Line,2012,162000,Diesel,163,6.2,Manuelle,4,10,5,30100,15500
Toyota,Land Cruiser 3.0 TD GX,2000,222800,Diesel,null,13.2,Manuelle,2,10,5,02480,15000
Nissan,Juke DIG-T 117 DCT7 N-Connecta,2020,5085,Essence,113,4.9,Automatique,4,6,5,60800,22500
Volkswagen,T-Roc 1.5 TSI 150 EVO Start/Stop DSG7 Carat Exclusive,2019,45000,Essence,null,null,Automatique,4,8,5,93230,25500
Ford,Mondeo 1.8 TDCi 125 Titanium X,2008,169000,Diesel,154,5.8,Manuelle,4,7,5,13013,4000
Fiat,500L 1.3 Multijet 16V 95 ch S/S Live Edizione,2017,53000,Diesel,107,4.1,Manuelle,4,5,5,46200,14200
Peugeot,208 PureTech 68ch BVM5 Active,2019,12800,Essence,105,4.6,Manuelle,4,4,5,13009,12950
BMW,320d xDrive 190 ch BVA8 M Sport,2019,64500,Diesel,118,4.6,Automatique,4,10,5,78630,29990
Ford,Edge 2.0 EcoBlue 238 BVA8 Intelligent AWD St-Line,2019,48796,Diesel,180,7.1,Automatique,4,15,5,60230,32800
Mini,Mini 1.6i - 120 Cooper,2009,135600,Essence,129,5.4,Manuelle,2,6,4,82000,6590
BMW,X3 2.0d 177ch Confort Steptronic A,2009,202000,Diesel,178,6.7,Automatique,4,11,5,95220,6850
Peugeot,208 PureTech 100 S&S BVM6 GT Pack,2021,7500,Essence,null,null,Manuelle,4,5,5,70000,21500
Renault,Clio IV TCe 90 eco2 Intens,2015,72000,Essence,114,4.9,Manuelle,4,5,5,74930,8500
Peugeot,208 1.6 BlueHDi 100ch S&S BVM5 Allure Business,2015,98000,Diesel,79,3.0,Manuelle,4,4,5,78990,9400
Fiat,Panda 1.2 69 ch Easy,2019,55000,Essence,124,null,Manuelle,4,4,5,83300,8750
Renault,Twingo II 1.2 LEV 16v 75 eco2 Dynamique,2012,32500,Essence,105,4.5,Manuelle,2,4,4,06210,6990
Peugeot,208 1.2 PureTech 82ch S&S ETG5 Active,2016,71000,Essence,97,4.2,Semi automatique,4,4,5,13600,9500
Renault,Kangoo 1.5 dCi 70 Confort Expression,2006,237000,Diesel,147,5.5,Manuelle,4,5,5,45340,2900
Volkswagen,Passat 2.0 16S TDI 140 Carat,2005,115000,Diesel,153,5.8,Manuelle,4,8,5,24100,8000
Mercedes,CLK 270 CDI Elégance A,2004,191000,Diesel,183,6.9,Automatique,2,10,4,13013,7000
Volkswagen,Golf 2.0 TSI 270 R 4Motion DSG6,2011,117300,Essence,195,8.4,Semi automatique,4,17,5,30000,19900
Citroën,C4 BlueHDi 130 S&S EAT8 Shine Pack,2020,1757,Diesel,null,null,Automatique,4,7,5,62320,25990
Peugeot,3008 2.0 HDi 16V 150ch FAP Féline,2010,150000,Diesel,149,5.7,Manuelle,4,8,5,77430,7900
OPEL,Rakord,1976,27000,Diesel,null,null,Manuelle,4,null,4,40100,3000
Subaru,Forester 2.0D,2015,120000,Diesel,148,null,Manuelle,4,8,5,39000,12000
Volkswagen,Touran 2.0 TDI 190 BMT DSG6 5pl Carat,2018,93000,Diesel,122,4.7,Automatique,4,10,5,30000,20500
Citroën,2 CV 6 Special,1986,16000,Essence,null,null,Manuelle,4,3,5,74380,14000
BMW,Coupé 320d 177ch Sport,2008,247,Diesel,131,4.9,Manuelle,2,10,5,34160,7900
Renault,CLIO SOCIETE DCI 75 ENERGY AIR,2018,73000,Diesel,85,3.3,Manuelle,4,4,2,93100,6250
Volvo,XC40 T3 156 ch,2019,15714,Essence,144,6.2,Manuelle,4,9,5,59300,33500
Saab,900i,1986,429000,Essence,null,null,Manuelle,4,9,5,vendeur,3500
Citroën,DS3 VTi 120 Airdream So Chic,2012,113000,Essence,136,5.9,Manuelle,2,7,5,74210,7500
BMW,X5 xDrive30d 245ch Luxe A,2010,188000,Diesel,195,7.4,Automatique,4,15,5,77220,17400
Renault,Clio TCe 90 Energy Business,2017,59500,Essence,105,4.7,Manuelle,4,5,5,42000,10000
Fiat,Panda Cross 4x4 1.3 Multijet 16V,2006,220000,Diesel,141,5.3,Manuelle,4,5,4,38360,2500
Opel,Corsa 1.2 Twinport Cosmo,2004,152000,Essence,151,6.3,Manuelle,4,5,5,38470,2700
Saab,9000i 2.3 16V CD,1995,299000,Essence,null,null,Manuelle,4,11,5,34000,3500
Audi,A4 Cabriolet 2.0 TFSI Ambiente Multitronic A,2006,187800,Essence,202,8.4,Automatique,2,13,4,85000,8200
Fiat,Panda 1.1 8V ECO Estivale,2009,105000,Essence,119,5.0,Manuelle,4,4,4,,3690
Dacia,Sandero 1.5 dCi 90 FAP Stepway,2012,139000,Diesel,130,5.0,Manuelle,4,5,5,25580,6700
Hyundai,i40 SW 1.7 CRDi 136 Executive A,2015,100400,Diesel,159,6.0,Automatique,4,8,5,87570,12800
Volkswagen,Touareg 3.0 V6 TDI 240 FAP Carat Edition Tiptronic A,2008,297730,Diesel,262,9.9,Automatique,4,17,5,31490,6000
Toyota,Yaris 110 VVT-i CVT Design Y20,2019,30000,Essence,112,4.9,Automatique,4,6,5,83250,14000
Peugeot,108 VTi 72ch S&S BVM5 Allure,2020,6700,Essence,null,null,Manuelle,4,4,4,92390,11590
Mercedes,Classe B 180 CDI Design 7-G DCT A,2013,110000,Diesel,107,4.1,Automatique,4,6,5,22100,11500
Mini,Mini 1.6 D - 110 Cooper,2010,169000,Diesel,104,3.9,Manuelle,2,5,4,31000,5890
Peugeot,2008 PureTech 130 S&S EAT8 GT,2021,3950,Essence,null,null,Automatique,4,7,5,21121,27950
PEUGEOT,null,2002,353716,Diesel,null,null,Manuelle,4,null,null,85770,790
Volkswagen,New Beetle Cab 1.6i Carat,2005,129000,Essence,185,7.7,Manuelle,2,7,4,06400,5900
Mercedes,SL 500 A,2004,178000,Essence,292,12.1,Automatique,2,22,2,06400,16800
Mercedes,Classe C Break 200 CDI BlueEfficiency Avantgarde Euro V A,2010,189800,Diesel,153,5.8,Automatique,4,8,5,07200,7800
Volkswagen,Golf 1.4 TSI 122 BlueMotion Technology Carat,2014,117000,Essence,120,5.2,Manuelle,4,6,5,68330,11000
Renault,Twingo II 1.5 dCi 75 eco2 Life,2013,104000,Diesel,85,3.3,Manuelle,2,4,4,46200,6300
Renault,Twingo II 1.5 dCi 75 eco2 Life,2013,104000,Diesel,85,3.3,Manuelle,2,4,4,46200,6300
Mercedes,C 240 Avantgarde A,2001,104000,Essence,243,10.1,Automatique,4,12,5,79000,7500
Hyundai,i10 1.0 66 BVM5 Intuitive,2017,52200,Essence,108,4.7,Manuelle,4,4,5,38080,7200
Audi,A1 Sportback 1.6 TDI 105 Ambiente,2013,100000,Diesel,99,3.8,Manuelle,4,5,5,49000,12500
Audi,A1 Sportback 1.0 TFSI 95 ultra Active S tronic,2016,62000,Essence,103,4.5,Semi automatique,4,5,5,93110,16900
Volkswagen,Golf 1.0 TSI 110 BlueMotion Technology Sound,2018,99000,Essence,109,4.8,Manuelle,4,6,5,54400,18990
Renault,Mégane IV Berline TCe 130 Energy Akaju,2017,42000,Essence,123,5.5,Manuelle,4,7,5,40110,14000
Seat,Ateca 2.0 TDI 150 ch Start/Stop 4Drive FR,2018,49300,Diesel,134,5.1,Manuelle,4,8,5,31790,23300
Renault,Twingo II 1.2 LEV 16v 75 eco2 Authentique,2009,90000,Essence,114,5.1,Manuelle,2,4,4,69220,3900
Hyundai,i20 1.2 85 Pack GO!,2014,54500,Essence,114,4.9,Manuelle,4,5,5,44400,7850
Peugeot,207 SW 1.6 HDi 16V 90ch BLUE LION Premium,2008,274758,Diesel,119,4.6,Manuelle,4,5,5,33160,6250
Opel,Crossland X 1.2 Turbo 110 ch BVA6 Ultimate,2017,25500,Essence,123,5.4,Automatique,4,6,5,63370,16750
RENAULT,null,2011,227000,Diesel,149,5,Manuelle,2,7,4,90120,5700
Smart,Smart Coupé 1.0 71ch mhd Iceshine Bleu Azur Softouch,2013,97127,Essence,98,4.3,Semi automatique,2,4,2,75014,4550
Opel,Zafira 1.7 CDTI - 125 ch FAP Cosmo Pack,2007,166000,Diesel,152,5.7,Manuelle,4,7,7,13007,3990
Smart,Smart Coupé 1.0 71ch mhd Pure,2009,109000,Essence,103,4.3,Semi automatique,2,4,2,13007,4690
Citroën,DS3 THP 150 Sport Chic,2011,141000,Essence,155,6.7,Manuelle,2,9,5,13007,6590
Mercedes,Classe A 200 CDI BlueEFFICIENCY Business,2015,146000,Diesel,109,4.2,Manuelle,4,7,5,vendeur,17000
Mercedes,Classe C 220 CDI BlueEfficiency Business + A,2011,110000,Diesel,125,4.8,Automatique,4,9,5,14610,13500
Renault,Twingo 1.2i Expression,2001,104000,Essence,138,5.8,Manuelle,2,4,4,14100,2500
Opel,Corsa 1.2 Turbo 100 ch BVA8 Elegance,2021,2150,Essence,123,null,Automatique,4,5,5,70000,19750
Peugeot,604 GTD Tbo,1987,90000,Diesel,null,null,Manuelle,4,8,5,54220,1
Peugeot,505 Tbo D GTD,1989,100000,Diesel,null,null,Manuelle,4,7,5,54220,1
Volkswagen,Coccinelle 1.2 TSI 105 BMT,2015,120000,Essence,123,5.3,Manuelle,2,6,4,44410,14200
Abarth,595 1.4 Turbo 16V T-Jet 145 ch BVM5,2018,30400,Essence,139,6.0,Manuelle,2,8,4,vendeur,16200
FIAT,fiat 850 spider. Bertone de 1969,1969,100000,Essence,null,null,Manuelle,2,null,2,74100,15500
Jaguar,S-Type 3.0i V6 A,2000,175000,Essence,null,null,Automatique,4,17,5,95600,4500
Citroën,C5 Aircross BlueHDi 130 S&S BVM6 Business,2021,7000,Diesel,null,null,Manuelle,4,7,5,25700,26500
BMW,320d xDrive 184 ch Sport,2013,150000,Diesel,128,4.9,Manuelle,4,10,5,60300,15643
Toyota,Yaris Hybride 100h Collection Jaune,2017,26600,Hybride,82,3.6,Automatique,4,3,5,03260,14800
Fiat,500X 1.4 MultiAir 140 ch DCT Club,2017,47500,Essence,133,5.7,Automatique,4,7,5,28310,16500
Peugeot,308 CC 1.6 THP 16V 156ch Sport Pack A,2010,114000,Essence,179,7.7,Automatique,2,9,4,06000,7990
Suzuki,Vitara 1.6 DDiS Allgrip Pack,2015,116000,Diesel,111,4.2,Manuelle,4,6,5,77370,11500
Chevrolet,Corvette Coupé A,1978,15479,Essence,null,12.1,Automatique,2,30,5,14370,29900
Citroën,DS5 BlueHDi 180 S&S EAT6 Be Chic,2017,86000,Diesel,113,4.3,Automatique,4,9,5,59551,17500
Renault,Scenic TCe 130 Energy Bose Edition,2015,62000,Essence,140,6.2,Manuelle,4,7,5,13008,11500
Renault,Captur TCe 140 - 21B R.S. Line,2021,2500,Essence,131,null,Manuelle,4,7,5,94150,25000
Opel,Meriva 1.7 CDTI - 100 Cosmo,2008,191000,Diesel,139,5.2,Manuelle,4,6,5,45700,2100
Fiat,Freemont 2.0 16V Multijet 170 ch 4x2 Black Code,2014,115000,Diesel,169,6.4,Manuelle,4,10,7,81370,13000
Land-Rover,Defender 90 Station Wagon E,2010,195600,Diesel,266,10.0,Manuelle,2,10,4,07260,25300
Renault,Modus 1.2 16v 75 eco2 Modus.Com Euro 5,2012,56000,Essence,138,5.9,Manuelle,4,5,5,25260,5500
Volkswagen,Golf 1.2 TSI 85 BlueMotion Technology Trendline,2014,36000,Essence,113,4.9,Manuelle,4,5,5,97419,12000
Peugeot,3008 Hybrid 225 e-EAT8 GT,2021,12000,Hybride,32,null,Automatique,4,10,5,38240,40900
Peugeot,207 1.4 HDi 70ch Urban,2010,120000,Diesel,120,4.5,Manuelle,4,4,5,01160,5199
Kia,Stonic 1.0 T-GDI 120 ch ISG Active Business,2019,9500,Essence,null,null,Manuelle,4,6,5,06130,17900
Mercedes,Classe E 320 CDI Elégance A,2006,198000,Diesel,194,7.3,Automatique,4,14,5,89100,4250
Fiat,500X 1.6 110 ch,2015,59400,Essence,139,6.0,Manuelle,4,6,5,42160,11150
Renault,Twingo III 1.0 SCe 70 BC Intens,2017,42000,Essence,112,5.0,Manuelle,4,4,4,77280,7190
Peugeot,3008 1.2 Puretech 130ch S&S EAT6 Active,2018,35000,Essence,120,5.5,Automatique,4,7,5,13600,22700
Renault,Scenic dCi 110 Energy EDC Business,2018,88200,Diesel,104,4.0,Automatique,4,5,5,85280,14500
Nissan,Micra IG-T 90 Tekna,2017,36700,Essence,104,4.6,Manuelle,4,5,5,91380,9490
Citroën,BX Tbo D Image,1992,126695,Diesel,null,null,Manuelle,4,5,5,27150,2500
Mercedes,Classe CLA 200 d 7-G DCT 4Matic Fascination,2018,53000,Diesel,123,4.8,Automatique,4,7,5,38760,27500
Peugeot,Partner 2.0 HDi Grand Raid,2005,225000,Diesel,154,5.8,Manuelle,4,6,5,62390,4590
Mercedes,Classe B 180 CDI BlueEFFICIENCY Business,2012,57700,Diesel,115,4.4,Manuelle,4,6,5,63430,13800
JAGUAR,S-Type 2.7 V6 D - 208 Bi-Turbo Executive,2006,150000,Diesel,179,7.1,Manuelle,4,13,5,88000,6500
RENAULT,Modus 1.5 dCi 80 Confort Expression,2005,130000,Diesel,122,4.6,Manuelle,4,5,5,88000,3000
KIA,Picanto 1.1 EX 4pl,2007,49000,Essence,119,4.9,Manuelle,4,4,4,88000,3500
Lexus,IS 200 Pack Luxe A,2000,165000,Essence,null,9.6,Automatique,4,11,5,34690,5490
Citroën,Grand C4 Picasso e-HDi 115 Attraction ETG6,2014,129600,Diesel,104,4.0,Semi automatique,4,6,7,04130,9900
Peugeot,3008 2.0 HDi 150ch FAP Allure,2013,134000,Diesel,139,5.3,Manuelle,4,8,5,38780,9500
Renault,25 TX Courchevel,1991,210310,Essence,null,null,Manuelle,4,9,5,34920,5000
Mini,Mini One 102 ch,2017,38000,Essence,109,4.7,Manuelle,2,5,4,31250,16900
Mercedes,Classe A 180 CDI BlueEFFICIENCY Inspiration,2013,71400,Diesel,107,4.1,Manuelle,4,5,5,13300,14700
Renault,Arkana E-Tech 145 Business,2021,4000,Hybride,null,null,Automatique,4,5,5,18140,29990
Opel,Corsa 1.3 CDTI - 75 EcoFlex 105g Cool Line 2,2010,183000,Diesel,105,4.0,Manuelle,2,4,5,59000,3400
Citroën,C3 BlueHDi 75 S&S 83g Feel Business,2017,87039,Diesel,83,3.2,Manuelle,4,4,5,08300,9790
Mercedes,Classe B 180 7-G DCT Fascination,2018,26020,Essence,142,6.2,Automatique,4,7,5,45630,21900
Audi,A1 Sportback 30 TFSI 116 ch S tronic 7 Advanced,2020,20000,Essence,null,null,Automatique,4,6,5,33110,25500
Alfa,MiTo 1.4 TB MultiAir Start & Stop 170 Quadrifoglio Verde,2013,33400,Essence,139,6.0,Manuelle,2,9,4,16000,12900
Abarth,Punto Evo 1.4 16v Turbo MultiAir 165,2011,66100,Essence,142,6.0,Manuelle,2,9,5,16000,12990
Peugeot,108 VTi 72ch S&S BVM5 Collection,2021,301,Essence,null,null,Manuelle,4,4,4,17300,15500
Mitsubishi,Outlander 2.2 DI-D 150 4WD Instyle A,2015,115000,Diesel,153,5.8,Automatique,4,8,7,06210,17200
Peugeot,3008 BlueHDi 180ch S&S EAT8 GT Line,2020,16000,Diesel,null,null,Automatique,4,9,5,74200,30500
Peugeot,208 PureTech 82ch S&S BVM5 Signature,2019,14200,Essence,108,4.7,Manuelle,4,4,5,74200,12500
Opel,Grandland X 1.5 Diesel 130 ch BVA8 Elite,2020,6700,Diesel,98,4.1,Automatique,4,7,5,25310,28100
Volvo,V60 D3 163 ch Xénium Geartronic A,2011,157000,Diesel,162,6.1,Automatique,4,9,5,74100,10990
Trafic,Trafic Combi L2 dCi 125 Energy Zen,2018,95000,Diesel,145,5.6,Manuelle,4,7,8,33310,16500
DODGE,ES SEDAN V6 2.5,1997,133500,Essence,null,9,Automatique,4,null,5,vendeur,2900
Dacia,Lodgy Blue dCi 115 5 places 15 ans,2021,5500,Diesel,null,null,Manuelle,4,6,5,71570,17500
Peugeot,308 1.2 PureTech 110ch S&S BVM5 Style,2017,84508,Essence,105,4.0,Manuelle,4,5,5,79230,12300
Mercedes,A170 CDI Ambiance Classic,2001,308000,Diesel,133,5.2,Manuelle,4,5,5,37000,3500
Dacia,Duster TCe 125 4x2 Ambiance Edition 2016,2016,52000,Essence,138,6.1,Manuelle,4,7,5,95240,11000
Smart,Fortwo Coupé 0.9 90 ch S&S A Proxy,2016,76000,Essence,96,4.1,Automatique,2,4,2,06600,10750
Ford,C-MAX 1.5 TDCi 95 S&S Titanium,2004,320944,Diesel,125,4.7,Manuelle,4,5,5,91220,650
Alfa,166 2.4 JTD 175 Distinctive Sportronic A,2004,236500,Diesel,235,8.9,Automatique,4,12,5,85400,3100
CITROëN,null,2021,6200,Essence,null,null,Manuelle,4,null,null,33240,16000
Mercedes,Classe CLA 220 d 7-G DCT 4Matic Sensation,2017,68000,Diesel,123,4.8,Automatique,4,9,5,66420,27500
Citroën,C3 Aircross PureTech 110 S&S  BVM5 Shine Business,2017,25000,Essence,112,4.9,Manuelle,4,6,5,01640,14950
Ford,Fiesta 1.4 TDCi Ambiente,2006,102000,Diesel,114,4.3,Manuelle,4,4,5,17300,4600
Dacia,Logan MCV 1.5 dCi 70 5 places Ambiance,2008,326000,Diesel,140,5.3,Manuelle,4,5,5,04000,2490
Peugeot,308 1.2 PureTech 130ch S&S BVM6 Allure,2017,61500,Essence,104,4.5,Manuelle,4,6,5,69300,15700
Volkswagen,Golf Sportsvan 1.0 TSI 110 BMT DSG7 Carat,2018,75500,Essence,113,5.0,Semi automatique,4,6,5,86450,15800
Audi,A3 1.6 TDI 105 Ambiente,2014,130000,Diesel,99,3.8,Manuelle,2,5,5,75017,10000
Opel,Astra 1.7 CDTI - 80 Elegance,2005,208263,Diesel,132,4.9,Manuelle,4,5,5,10400,1000
Peugeot,206 1.4i XR Présence,2001,125,Essence,162,6.6,Manuelle,4,5,4,91470,5000
Renault,Clio dCi 75 Energy Business,2018,70000,Diesel,85,3.3,Manuelle,4,4,5,08800,10400
Peugeot,208 1.0 PureTech 68ch BVM5 Access,2015,10800,Essence,99,4.3,Manuelle,4,4,5,59770,9980
Citroën,DS4 e-HDi 110 Airdream Chic BMP6,2012,163328,Diesel,110,null,Semi automatique,4,6,5,02110,8000
Peugeot,208 1.2 VTi 82ch BVM5 Active,2012,100900,Essence,104,4.5,Manuelle,2,4,5,69150,6690
Fiat,500 1.2 8V 69 ch Lounge,2012,73500,Essence,119,null,Manuelle,2,4,4,69150,6990
Voiture,null,null,null,null,null,null,null,null,null,null,null,null
Dacia,Sandero TCe 90 - 22 Stepway Confort,2022,1500,Essence,null,null,Manuelle,4,5,5,14000,13600
Peugeot,207 1.6 HDi 16v 90ch Urban,2007,185000,Diesel,120,4.5,Manuelle,4,5,5,vendeur,3999
Renault,Koleos 2.0 dCi 150 FAP Bose Edition Euro 5,2013,139160,Diesel,148,5.7,Manuelle,4,8,5,45120,7000
Peugeot,406 Break 2.0 HDi - 110 Nav Tech on board,2002,199700,Diesel,149,5.7,Manuelle,4,6,5,89240,3250
Audi,A3 Sportback 1.4 TFSI COD 140 Ambiente S tronic 7,2014,105000,Essence,110,4.7,Semi automatique,4,7,5,54360,14500
Audi,A3 Cabriolet 1.6 TDI 105 DPF Ambition Luxe,2010,132000,Diesel,114,4.3,Manuelle,2,5,4,93110,15000
Volkswagen,Passat SW 2.0 16S TDI 140 CR FAP Confortline DSG,2010,195000,Diesel,159,6.1,Semi automatique,4,8,5,59600,4500
Mercedes,Classe CLA 180 d Business Edition,2017,52000,Diesel,98,3.7,Manuelle,4,5,5,66690,22000
Opel,Agila 1.0 - 65 ch ecoFLEX Enjoy,2010,45700,Essence,119,5.1,Manuelle,4,4,5,31170,5000
Fiat,500 1.2 69 ch Lounge,2016,30500,Essence,115,4.9,Manuelle,2,4,4,34970,9600
Citroën,DS7 Crossback BlueHDi 180 EAT8 Executive,2020,15500,Diesel,115,4.4,Automatique,4,9,5,33320,39490
Dacia,Duster dCi 110 4x2 Prestige,2018,28690,Diesel,115,4.4,Manuelle,4,6,5,75020,16000
Voiture,null,null,null,null,null,null,null,null,null,null,null,null
Dacia,Duster 1.5 dCi 110 4x4 Ambiance,2012,65500,Diesel,137,5.3,Manuelle,4,6,5,20000,11900
Fiat,500 1.2 8V 69 ch by Diesel,2010,72600,Essence,119,5.1,Manuelle,2,4,4,64150,6200
Kia,CEED 1.0 T-GDi 120 ch ISG BVM6 Active,2020,18800,Essence,null,null,Manuelle,4,6,5,45000,18290
Citroën,C3 PureTech 83 S&S BVM5 Feel Pack,2021,1950,Essence,null,null,Manuelle,4,4,5,35580,16500
Kia,Venga 1.4 90 ch Active,2014,85500,Essence,140,6.0,Manuelle,4,5,5,59200,9000
Renault,Captur dCi 110 Energy Initiale Paris,2018,22500,Diesel,98,3.7,Manuelle,4,5,5,57000,16500
Peugeot,2008 PureTech 82ch BVM5 Style,2019,38000,Essence,112,5.0,Manuelle,4,4,5,85440,12900
Audi,S3 Sportback 2.0 TFSI 265 Quattro,2009,86400,Essence,201,8.5,Manuelle,4,17,5,59500,20500
Kia,Stonic 1.6 CRDi 110 ch Active,2018,120000,Diesel,109,4.2,Manuelle,4,6,5,76780,13500
Volvo,XC60 D5 AWD Xénium Geartronic A,2012,140000,Diesel,169,6.4,Automatique,4,13,5,51000,17000
Peugeot,208 PureTech 100 S&S BVM6 Active,2019,45000,Essence,null,null,Manuelle,4,5,5,71620,13990
Renault,Mégane CC 1.9 dCi 120 Confort Authentique,2004,175000,Diesel,146,5.5,Manuelle,2,7,4,91090,1500
Peugeot,Traveller Long 1.6 BlueHDi 115ch S&S BVM6 Business,2018,80000,Diesel,137,null,Manuelle,4,6,9,11610,26000
Citroën,Xsara 1.9 D X,1998,248000,Diesel,164,6.2,Manuelle,4,5,5,30100,1590
Renault,Mégane IV Berline TCe 100 Energy Business,2017,63000,Essence,120,5.4,Manuelle,4,5,5,95680,11000
Renault,Talisman dCi 130 Energy Business,2017,125587,Diesel,102,3.9,Manuelle,4,6,5,69220,12500
Peugeot,407 2.0 HDi 16v Griffe,2005,245945,Diesel,155,5.9,Manuelle,4,8,5,79420,1200
Audi,A3 Sportback 35 TFSI 150 S tronic 7 S Line,2021,1550,Essence,135,null,Automatique,4,8,5,01100,39800
Ford,Ka 1.3i - 70 Ka²,2007,64600,Essence,154,6.5,Manuelle,2,5,4,78630,3990
Smart,Smart Coupe 61 Passion Softouch A,2004,107400,Essence,113,4.7,Automatique,2,4,2,78650,2890
Mercedes,Classe B 200 CDI BlueEFFICIENCY Business,2014,131500,Diesel,114,4.4,Manuelle,4,7,5,29400,12500
Audi,A3 2.0 TDI 140 DPF Ambiente,2009,187200,Diesel,134,5.1,Manuelle,2,8,5,57070,6700
Peugeot,205 1.0 GL,1989,200000,Essence,null,null,Manuelle,4,4,5,31230,1000
Ford,Fiesta 1.2i Elance,1999,51900,Essence,null,null,Manuelle,4,5,5,10120,3500
Opel,Astra 1.6i,1999,1,Essence,173,7.2,Manuelle,4,6,5,97290,500
Opel,Astra Sports Tourer 1.5 Diesel 122 ch BVM6 Edition Business,2019,18500,Diesel,92,3.5,Manuelle,4,6,5,24650,18000
Peugeot,208 1.2 PureTech 110ch S&S BVM5 GT Line,2017,40000,Essence,99,4.3,Manuelle,2,5,5,31290,12000
Mercedes,Classe E 250 CDI BlueEfficiency Avantgarde Executive A,2009,359893,Diesel,154,5.8,Automatique,4,11,5,56300,9800
BMW,645Ci Cab Steptronic A,2004,79000,Essence,279,11.5,Automatique,2,24,4,60270,23850
Renault,Clio dCi 75 Energy Business,2016,35000,Diesel,85,3.3,Manuelle,4,4,5,97231,10500
Renault,Clio Estate 1.5 dCi 85 eco2 Dynamique,2009,223227,Diesel,117,4.4,Manuelle,4,5,5,vendeur,2400
Peugeot,207 CC 1.6 HDi 112ch FAP BLUE LION Sport,2011,175500,Diesel,125,4.8,Manuelle,2,6,4,94310,4990
Renault,Kangoo 1.5 dCi 105 eco2 Expression,2008,200000,Diesel,146,5.5,Manuelle,4,6,5,38000,4200
Mercedes,Classe C 220 CDI BlueEfficiency Avantgarde A,2009,260000,Diesel,153,5.8,Automatique,4,10,5,25200,9000
Peugeot,108 1.2 PureTech 82ch BVM5 Style,2018,51900,Essence,99,4.3,Manuelle,4,4,4,vendeur,8799
Citroën,C4 Cactus PureTech 110 S&S EAT6 Shine,2019,31530,Essence,117,5.1,Automatique,4,6,5,59770,14990
Mercedes,Classe C Break 200 d 7G-Tronic Business Executive,2017,54000,Diesel,122,4.8,Automatique,4,7,5,13580,19800
Audi,Q7 3.0 V6 TDI Clean Diesel 272 Tiptronic 8 Quattro 7pl,2017,85000,Diesel,158,6.0,Automatique,4,17,7,72700,47500
Kia,Picanto 1.0 essence MPi 67 ch BVM5 Motion,2020,13900,Essence,null,null,Manuelle,4,4,5,17190,10600
Audi,A3 2.0 TDI 184 Quattro Ambiente S tronic 6,2013,120000,Diesel,124,4.7,Semi automatique,2,10,5,83860,18500
BMW,X1 sDrive 18i 140 ch DKG7 Lounge,2018,21200,Essence,133,5.8,Automatique,4,7,5,13127,26900
Peugeot,RCZ 2.0 HDi FAP 160ch,2013,87600,Diesel,130,5.0,Manuelle,2,9,4,40180,13500
Mercedes,Classe A 200 7G-DCT AMG Line,2018,27000,Essence,118,5.2,Automatique,4,8,5,83000,33000
FORD,S-MAX 2.0 TDCi 140 FAP Titanium - 7 Pl,2014,140000,Diesel,139,5.3,Manuelle,4,8,7,33310,9700
Ford,Kuga 2.0 TDCi 150 S&S 4x2 Titanium,2015,130000,Diesel,122,4.7,Manuelle,4,8,5,15250,12800
Mercedes,Classe CLS 350 d A,2015,177200,Diesel,142,5.5,Automatique,4,15,4,31530,23199
Dacia,Sandero TCe 90 Advance,2018,42000,Essence,115,5.1,Manuelle,4,5,5,33480,9990
Nissan,Qashqai 1.6 dCi 130 Xtronic Tekna,2016,61500,Diesel,128,4.9,Automatique,4,7,5,01300,16900
BMW,Z4 2.5i,2003,156000,Essence,216,8.9,Manuelle,2,12,2,59152,10990
